,0
0,SenseThePen+/line_data/p1/l_21.csv
1,SenseThePen+/line_data/p1/l_10.csv
2,SenseThePen+/line_data/p1/l_16.csv
3,SenseThePen+/line_data/p1/l_12.csv
4,SenseThePen+/line_data/p1/l_4.csv
5,SenseThePen+/line_data/p1/l_9.csv
6,SenseThePen+/line_data/p1/l_19.csv
7,SenseThePen+/line_data/p1/l_13.csv
8,SenseThePen+/line_data/p1/l_18.csv
9,SenseThePen+/line_data/p1/l_1.csv
10,SenseThePen+/line_data/p1/l_8.csv
11,SenseThePen+/line_data/p1/l_20.csv
12,SenseThePen+/line_data/p1/l_5.csv
13,SenseThePen+/line_data/p2/l_24.csv
14,SenseThePen+/line_data/p2/l_37.csv
15,SenseThePen+/line_data/p2/l_5.csv
16,SenseThePen+/line_data/p2/l_65.csv
17,SenseThePen+/line_data/p2/l_47.csv
18,SenseThePen+/line_data/p2/l_39.csv
19,SenseThePen+/line_data/p2/l_51.csv
20,SenseThePen+/line_data/p2/l_7.csv
21,SenseThePen+/line_data/p2/l_26.csv
22,SenseThePen+/line_data/p2/l_12.csv
23,SenseThePen+/line_data/p2/l_62.csv
24,SenseThePen+/line_data/p2/l_50.csv
25,SenseThePen+/line_data/p2/l_27.csv
26,SenseThePen+/line_data/p2/l_63.csv
27,SenseThePen+/line_data/p2/l_71.csv
28,SenseThePen+/line_data/p2/l_21.csv
29,SenseThePen+/line_data/p2/l_25.csv
30,SenseThePen+/line_data/p2/l_17.csv
31,SenseThePen+/line_data/p2/l_1.csv
32,SenseThePen+/line_data/p2/l_60.csv
33,SenseThePen+/line_data/p2/l_3.csv
34,SenseThePen+/line_data/p2/l_41.csv
35,SenseThePen+/line_data/p2/l_67.csv
36,SenseThePen+/line_data/p2/l_48.csv
37,SenseThePen+/line_data/p2/l_38.csv
38,SenseThePen+/line_data/p2/l_30.csv
39,SenseThePen+/line_data/p2/l_32.csv
40,SenseThePen+/line_data/p2/l_53.csv
41,SenseThePen+/line_data/p2/l_8.csv
42,SenseThePen+/line_data/p2/l_6.csv
43,SenseThePen+/line_data/p2/l_52.csv
44,SenseThePen+/line_data/p2/l_49.csv
45,SenseThePen+/line_data/p2/l_66.csv
46,SenseThePen+/line_data/p2/l_61.csv
47,SenseThePen+/line_data/p2/l_4.csv
48,SenseThePen+/line_data/p2/l_2.csv
49,SenseThePen+/line_data/p2/l_28.csv
50,SenseThePen+/line_data/p2/l_59.csv
51,SenseThePen+/line_data/p2/l_69.csv
52,SenseThePen+/line_data/p2/l_20.csv
53,SenseThePen+/line_data/p2/l_36.csv
54,SenseThePen+/line_data/p2/l_57.csv
55,SenseThePen+/line_data/p2/l_13.csv
56,SenseThePen+/line_data/p3/l_12.csv
57,SenseThePen+/line_data/p3/l_51.csv
58,SenseThePen+/line_data/p3/l_87.csv
59,SenseThePen+/line_data/p3/l_30.csv
60,SenseThePen+/line_data/p3/l_63.csv
61,SenseThePen+/line_data/p3/l_37.csv
62,SenseThePen+/line_data/p3/l_60.csv
63,SenseThePen+/line_data/p3/l_50.csv
64,SenseThePen+/line_data/p3/l_39.csv
65,SenseThePen+/line_data/p3/l_66.csv
66,SenseThePen+/line_data/p3/l_58.csv
67,SenseThePen+/line_data/p3/l_76.csv
68,SenseThePen+/line_data/p3/l_53.csv
69,SenseThePen+/line_data/p3/l_72.csv
70,SenseThePen+/line_data/p3/l_85.csv
71,SenseThePen+/line_data/p3/l_79.csv
72,SenseThePen+/line_data/p3/l_47.csv
73,SenseThePen+/line_data/p3/l_82.csv
74,SenseThePen+/line_data/p3/l_65.csv
75,SenseThePen+/line_data/p3/l_33.csv
76,SenseThePen+/line_data/p3/l_29.csv
77,SenseThePen+/line_data/p3/l_14.csv
78,SenseThePen+/line_data/p3/l_25.csv
79,SenseThePen+/line_data/p3/l_26.csv
80,SenseThePen+/line_data/p3/l_8.csv
81,SenseThePen+/line_data/p3/l_55.csv
82,SenseThePen+/line_data/p3/l_1.csv
83,SenseThePen+/line_data/p3/l_91.csv
84,SenseThePen+/line_data/p3/l_59.csv
85,SenseThePen+/line_data/p3/l_77.csv
86,SenseThePen+/line_data/p3/l_86.csv
87,SenseThePen+/line_data/p3/l_48.csv
88,SenseThePen+/line_data/p3/l_78.csv
89,SenseThePen+/line_data/p3/l_19.csv
90,SenseThePen+/line_data/p3/l_4.csv
91,SenseThePen+/line_data/p3/l_22.csv
92,SenseThePen+/line_data/p3/l_32.csv
93,SenseThePen+/line_data/p3/l_10.csv
94,SenseThePen+/line_data/p3/l_42.csv
95,SenseThePen+/line_data/p3/l_35.csv
96,SenseThePen+/line_data/p3/l_81.csv
97,SenseThePen+/line_data/p3/l_74.csv
98,SenseThePen+/line_data/p3/l_75.csv
99,SenseThePen+/line_data/p3/l_68.csv
100,SenseThePen+/line_data/p3/l_21.csv
101,SenseThePen+/line_data/p3/l_49.csv
102,SenseThePen+/line_data/p3/l_61.csv
103,SenseThePen+/line_data/p3/l_18.csv
104,SenseThePen+/line_data/p3/l_36.csv
105,SenseThePen+/line_data/p3/l_70.csv
106,SenseThePen+/line_data/p3/l_73.csv
107,SenseThePen+/line_data/p3/l_2.csv
108,SenseThePen+/line_data/p3/l_84.csv
109,SenseThePen+/line_data/p3/l_15.csv
110,SenseThePen+/line_data/p3/l_90.csv
111,SenseThePen+/line_data/p4/l_94.csv
112,SenseThePen+/line_data/p4/l_68.csv
113,SenseThePen+/line_data/p4/l_60.csv
114,SenseThePen+/line_data/p4/l_90.csv
115,SenseThePen+/line_data/p4/l_3.csv
116,SenseThePen+/line_data/p4/l_26.csv
117,SenseThePen+/line_data/p4/l_80.csv
118,SenseThePen+/line_data/p4/l_98.csv
119,SenseThePen+/line_data/p4/l_101.csv
120,SenseThePen+/line_data/p4/l_91.csv
121,SenseThePen+/line_data/p4/l_82.csv
122,SenseThePen+/line_data/p4/l_23.csv
123,SenseThePen+/line_data/p4/l_110.csv
124,SenseThePen+/line_data/p4/l_47.csv
125,SenseThePen+/line_data/p4/l_57.csv
126,SenseThePen+/line_data/p4/l_32.csv
127,SenseThePen+/line_data/p4/l_78.csv
128,SenseThePen+/line_data/p4/l_92.csv
129,SenseThePen+/line_data/p4/l_100.csv
130,SenseThePen+/line_data/p4/l_19.csv
131,SenseThePen+/line_data/p4/l_42.csv
132,SenseThePen+/line_data/p4/l_71.csv
133,SenseThePen+/line_data/p4/l_46.csv
134,SenseThePen+/line_data/p4/l_7.csv
135,SenseThePen+/line_data/p4/l_55.csv
136,SenseThePen+/line_data/p4/l_16.csv
137,SenseThePen+/line_data/p4/l_65.csv
138,SenseThePen+/line_data/p4/l_39.csv
139,SenseThePen+/line_data/p4/l_102.csv
140,SenseThePen+/line_data/p4/l_30.csv
141,SenseThePen+/line_data/p4/l_14.csv
142,SenseThePen+/line_data/p4/l_36.csv
143,SenseThePen+/line_data/p4/l_34.csv
144,SenseThePen+/line_data/p4/l_61.csv
145,SenseThePen+/line_data/p4/l_59.csv
146,SenseThePen+/line_data/p4/l_50.csv
147,SenseThePen+/line_data/p4/l_66.csv
148,SenseThePen+/line_data/p4/l_24.csv
149,SenseThePen+/line_data/p4/l_12.csv
150,SenseThePen+/line_data/p4/l_53.csv
151,SenseThePen+/line_data/p4/l_43.csv
152,SenseThePen+/line_data/p4/l_22.csv
153,SenseThePen+/line_data/p4/l_81.csv
154,SenseThePen+/line_data/p4/l_28.csv
155,SenseThePen+/line_data/p4/l_27.csv
156,SenseThePen+/line_data/p4/l_70.csv
157,SenseThePen+/line_data/p4/l_72.csv
158,SenseThePen+/line_data/p4/l_62.csv
159,SenseThePen+/line_data/p4/l_41.csv
160,SenseThePen+/line_data/p4/l_8.csv
161,SenseThePen+/line_data/p4/l_89.csv
162,SenseThePen+/line_data/p4/l_97.csv
163,SenseThePen+/line_data/p4/l_111.csv
164,SenseThePen+/line_data/p4/l_40.csv
165,SenseThePen+/line_data/p4/l_33.csv
166,SenseThePen+/line_data/p4/l_107.csv
167,SenseThePen+/line_data/p4/l_85.csv
168,SenseThePen+/line_data/p4/l_31.csv
169,SenseThePen+/line_data/p4/l_106.csv
170,SenseThePen+/line_data/p4/l_84.csv
171,SenseThePen+/line_data/p4/l_51.csv
172,SenseThePen+/line_data/p4/l_1.csv
173,SenseThePen+/line_data/p4/l_112.csv
174,SenseThePen+/line_data/p4/l_74.csv
175,SenseThePen+/line_data/p4/l_83.csv
176,SenseThePen+/line_data/p4/l_108.csv
177,SenseThePen+/line_data/p4/l_9.csv
178,SenseThePen+/line_data/p5/l_6.csv
179,SenseThePen+/line_data/p5/l_94.csv
180,SenseThePen+/line_data/p5/l_47.csv
181,SenseThePen+/line_data/p5/l_27.csv
182,SenseThePen+/line_data/p5/l_50.csv
183,SenseThePen+/line_data/p5/l_113.csv
184,SenseThePen+/line_data/p5/l_2.csv
185,SenseThePen+/line_data/p5/l_89.csv
186,SenseThePen+/line_data/p5/l_69.csv
187,SenseThePen+/line_data/p5/l_63.csv
188,SenseThePen+/line_data/p5/l_30.csv
189,SenseThePen+/line_data/p5/l_74.csv
190,SenseThePen+/line_data/p5/l_61.csv
191,SenseThePen+/line_data/p5/l_87.csv
192,SenseThePen+/line_data/p5/l_59.csv
193,SenseThePen+/line_data/p5/l_19.csv
194,SenseThePen+/line_data/p5/l_105.csv
195,SenseThePen+/line_data/p5/l_110.csv
196,SenseThePen+/line_data/p5/l_95.csv
197,SenseThePen+/line_data/p5/l_13.csv
198,SenseThePen+/line_data/p5/l_12.csv
199,SenseThePen+/line_data/p5/l_28.csv
200,SenseThePen+/line_data/p5/l_76.csv
201,SenseThePen+/line_data/p5/l_77.csv
202,SenseThePen+/line_data/p5/l_99.csv
203,SenseThePen+/line_data/p5/l_93.csv
204,SenseThePen+/line_data/p5/l_84.csv
205,SenseThePen+/line_data/p5/l_107.csv
206,SenseThePen+/line_data/p5/l_67.csv
207,SenseThePen+/line_data/p5/l_92.csv
208,SenseThePen+/line_data/p5/l_51.csv
209,SenseThePen+/line_data/p5/l_73.csv
210,SenseThePen+/line_data/p5/l_21.csv
211,SenseThePen+/line_data/p5/l_114.csv
212,SenseThePen+/line_data/p5/l_29.csv
213,SenseThePen+/line_data/p5/l_35.csv
214,SenseThePen+/line_data/p5/l_64.csv
215,SenseThePen+/line_data/p5/l_96.csv
216,SenseThePen+/line_data/p5/l_45.csv
217,SenseThePen+/line_data/p5/l_20.csv
218,SenseThePen+/line_data/p5/l_37.csv
219,SenseThePen+/line_data/p5/l_88.csv
220,SenseThePen+/line_data/p5/l_40.csv
221,SenseThePen+/line_data/p5/l_49.csv
222,SenseThePen+/line_data/p5/l_100.csv
223,SenseThePen+/line_data/p5/l_5.csv
224,SenseThePen+/line_data/p5/l_90.csv
225,SenseThePen+/line_data/p5/l_103.csv
226,SenseThePen+/line_data/p5/l_53.csv
227,SenseThePen+/line_data/p5/l_72.csv
228,SenseThePen+/line_data/p5/l_112.csv
229,SenseThePen+/line_data/p5/l_98.csv
230,SenseThePen+/line_data/p5/l_41.csv
231,SenseThePen+/line_data/p5/l_79.csv
232,SenseThePen+/line_data/p5/l_11.csv
233,SenseThePen+/line_data/p5/l_4.csv
234,SenseThePen+/line_data/p5/l_26.csv
235,SenseThePen+/line_data/p5/l_86.csv
236,SenseThePen+/line_data/p5/l_8.csv
237,SenseThePen+/line_data/p5/l_104.csv
238,SenseThePen+/line_data/p5/l_54.csv
239,SenseThePen+/line_data/p5/l_34.csv
240,SenseThePen+/line_data/p5/l_25.csv
241,SenseThePen+/line_data/p5/l_109.csv
242,SenseThePen+/line_data/p5/l_44.csv
243,SenseThePen+/line_data/p5/l_108.csv
244,SenseThePen+/line_data/p5/l_55.csv
245,SenseThePen+/line_data/p5/l_58.csv
246,SenseThePen+/line_data/p6/l_10.csv
247,SenseThePen+/line_data/p6/l_52.csv
248,SenseThePen+/line_data/p6/l_56.csv
249,SenseThePen+/line_data/p6/l_48.csv
250,SenseThePen+/line_data/p6/l_7.csv
251,SenseThePen+/line_data/p6/l_27.csv
252,SenseThePen+/line_data/p6/l_26.csv
253,SenseThePen+/line_data/p6/l_3.csv
254,SenseThePen+/line_data/p6/l_18.csv
255,SenseThePen+/line_data/p6/l_11.csv
256,SenseThePen+/line_data/p6/l_40.csv
257,SenseThePen+/line_data/p6/l_19.csv
258,SenseThePen+/line_data/p6/l_22.csv
259,SenseThePen+/line_data/p6/l_49.csv
260,SenseThePen+/line_data/p6/l_14.csv
261,SenseThePen+/line_data/p6/l_59.csv
262,SenseThePen+/line_data/p6/l_39.csv
263,SenseThePen+/line_data/p6/l_25.csv
264,SenseThePen+/line_data/p6/l_23.csv
265,SenseThePen+/line_data/p6/l_13.csv
266,SenseThePen+/line_data/p6/l_58.csv
267,SenseThePen+/line_data/p6/l_16.csv
268,SenseThePen+/line_data/p6/l_43.csv
269,SenseThePen+/line_data/p6/l_37.csv
270,SenseThePen+/line_data/p6/l_31.csv
271,SenseThePen+/line_data/p6/l_42.csv
272,SenseThePen+/line_data/p6/l_28.csv
273,SenseThePen+/line_data/p6/l_55.csv
274,SenseThePen+/line_data/p6/l_50.csv
275,SenseThePen+/line_data/p6/l_21.csv
276,SenseThePen+/line_data/p6/l_4.csv
277,SenseThePen+/line_data/p6/l_53.csv
278,SenseThePen+/line_data/p6/l_2.csv
279,SenseThePen+/line_data/p6/l_51.csv
280,SenseThePen+/line_data/p6/l_12.csv
281,SenseThePen+/line_data/p6/l_35.csv
282,SenseThePen+/line_data/p7/l_78.csv
283,SenseThePen+/line_data/p7/l_56.csv
284,SenseThePen+/line_data/p7/l_43.csv
285,SenseThePen+/line_data/p7/l_31.csv
286,SenseThePen+/line_data/p7/l_77.csv
287,SenseThePen+/line_data/p7/l_17.csv
288,SenseThePen+/line_data/p7/l_18.csv
289,SenseThePen+/line_data/p7/l_3.csv
290,SenseThePen+/line_data/p7/l_79.csv
291,SenseThePen+/line_data/p7/l_66.csv
292,SenseThePen+/line_data/p7/l_54.csv
293,SenseThePen+/line_data/p7/l_23.csv
294,SenseThePen+/line_data/p7/l_80.csv
295,SenseThePen+/line_data/p7/l_38.csv
296,SenseThePen+/line_data/p7/l_32.csv
297,SenseThePen+/line_data/p7/l_82.csv
298,SenseThePen+/line_data/p7/l_49.csv
299,SenseThePen+/line_data/p7/l_58.csv
300,SenseThePen+/line_data/p7/l_19.csv
301,SenseThePen+/line_data/p7/l_20.csv
302,SenseThePen+/line_data/p7/l_25.csv
303,SenseThePen+/line_data/p7/l_10.csv
304,SenseThePen+/line_data/p7/l_2.csv
305,SenseThePen+/line_data/p7/l_29.csv
306,SenseThePen+/line_data/p7/l_34.csv
307,SenseThePen+/line_data/p7/l_55.csv
308,SenseThePen+/line_data/p7/l_84.csv
309,SenseThePen+/line_data/p7/l_12.csv
310,SenseThePen+/line_data/p7/l_73.csv
311,SenseThePen+/line_data/p7/l_48.csv
312,SenseThePen+/line_data/p7/l_14.csv
313,SenseThePen+/line_data/p7/l_74.csv
314,SenseThePen+/line_data/p7/l_7.csv
315,SenseThePen+/line_data/p7/l_42.csv
316,SenseThePen+/line_data/p7/l_67.csv
317,SenseThePen+/line_data/p7/l_46.csv
318,SenseThePen+/line_data/p7/l_11.csv
319,SenseThePen+/line_data/p7/l_35.csv
320,SenseThePen+/line_data/p7/l_9.csv
321,SenseThePen+/line_data/p7/l_50.csv
322,SenseThePen+/line_data/p7/l_27.csv
323,SenseThePen+/line_data/p7/l_70.csv
324,SenseThePen+/line_data/p7/l_44.csv
325,SenseThePen+/line_data/p7/l_13.csv
326,SenseThePen+/line_data/p7/l_83.csv
327,SenseThePen+/line_data/p7/l_15.csv
328,SenseThePen+/line_data/p7/l_1.csv
329,SenseThePen+/line_data/p7/l_37.csv
330,SenseThePen+/line_data/p7/l_39.csv
331,SenseThePen+/line_data/p7/l_28.csv
332,SenseThePen+/line_data/p7/l_4.csv
333,SenseThePen+/line_data/p8/l_4.csv
334,SenseThePen+/line_data/p8/l_98.csv
335,SenseThePen+/line_data/p8/l_96.csv
336,SenseThePen+/line_data/p8/l_60.csv
337,SenseThePen+/line_data/p8/l_32.csv
338,SenseThePen+/line_data/p8/l_13.csv
339,SenseThePen+/line_data/p8/l_15.csv
340,SenseThePen+/line_data/p8/l_82.csv
341,SenseThePen+/line_data/p8/l_40.csv
342,SenseThePen+/line_data/p8/l_84.csv
343,SenseThePen+/line_data/p8/l_68.csv
344,SenseThePen+/line_data/p8/l_59.csv
345,SenseThePen+/line_data/p8/l_35.csv
346,SenseThePen+/line_data/p8/l_3.csv
347,SenseThePen+/line_data/p8/l_22.csv
348,SenseThePen+/line_data/p8/l_39.csv
349,SenseThePen+/line_data/p8/l_66.csv
350,SenseThePen+/line_data/p8/l_87.csv
351,SenseThePen+/line_data/p8/l_10.csv
352,SenseThePen+/line_data/p8/l_88.csv
353,SenseThePen+/line_data/p8/l_43.csv
354,SenseThePen+/line_data/p8/l_14.csv
355,SenseThePen+/line_data/p8/l_11.csv
356,SenseThePen+/line_data/p8/l_71.csv
357,SenseThePen+/line_data/p8/l_70.csv
358,SenseThePen+/line_data/p8/l_85.csv
359,SenseThePen+/line_data/p8/l_16.csv
360,SenseThePen+/line_data/p8/l_8.csv
361,SenseThePen+/line_data/p8/l_89.csv
362,SenseThePen+/line_data/p8/l_86.csv
363,SenseThePen+/line_data/p8/l_19.csv
364,SenseThePen+/line_data/p8/l_46.csv
365,SenseThePen+/line_data/p8/l_52.csv
366,SenseThePen+/line_data/p8/l_95.csv
367,SenseThePen+/line_data/p8/l_77.csv
368,SenseThePen+/line_data/p8/l_74.csv
369,SenseThePen+/line_data/p8/l_91.csv
370,SenseThePen+/line_data/p8/l_2.csv
371,SenseThePen+/line_data/p8/l_57.csv
372,SenseThePen+/line_data/p8/l_73.csv
373,SenseThePen+/line_data/p8/l_56.csv
374,SenseThePen+/line_data/p8/l_92.csv
375,SenseThePen+/line_data/p8/l_30.csv
376,SenseThePen+/line_data/p8/l_53.csv
377,SenseThePen+/line_data/p8/l_97.csv
378,SenseThePen+/line_data/p8/l_90.csv
379,SenseThePen+/line_data/p8/l_65.csv
380,SenseThePen+/line_data/p8/l_28.csv
381,SenseThePen+/line_data/p8/l_81.csv
382,SenseThePen+/line_data/p8/l_51.csv
383,SenseThePen+/line_data/p8/l_55.csv
384,SenseThePen+/line_data/p8/l_27.csv
385,SenseThePen+/line_data/p8/l_45.csv
386,SenseThePen+/line_data/p8/l_38.csv
387,SenseThePen+/line_data/p8/l_9.csv
388,SenseThePen+/line_data/p8/l_7.csv
389,SenseThePen+/line_data/p8/l_25.csv
390,SenseThePen+/line_data/p8/l_48.csv
391,SenseThePen+/line_data/p8/l_54.csv
392,SenseThePen+/line_data/p9/l_15.csv
393,SenseThePen+/line_data/p9/l_9.csv
394,SenseThePen+/line_data/p9/l_17.csv
395,SenseThePen+/line_data/p9/l_26.csv
396,SenseThePen+/line_data/p9/l_23.csv
397,SenseThePen+/line_data/p9/l_31.csv
398,SenseThePen+/line_data/p9/l_88.csv
399,SenseThePen+/line_data/p9/l_76.csv
400,SenseThePen+/line_data/p9/l_2.csv
401,SenseThePen+/line_data/p9/l_55.csv
402,SenseThePen+/line_data/p9/l_84.csv
403,SenseThePen+/line_data/p9/l_61.csv
404,SenseThePen+/line_data/p9/l_72.csv
405,SenseThePen+/line_data/p9/l_46.csv
406,SenseThePen+/line_data/p9/l_71.csv
407,SenseThePen+/line_data/p9/l_25.csv
408,SenseThePen+/line_data/p9/l_86.csv
409,SenseThePen+/line_data/p9/l_38.csv
410,SenseThePen+/line_data/p9/l_67.csv
411,SenseThePen+/line_data/p9/l_58.csv
412,SenseThePen+/line_data/p9/l_79.csv
413,SenseThePen+/line_data/p9/l_44.csv
414,SenseThePen+/line_data/p9/l_83.csv
415,SenseThePen+/line_data/p9/l_43.csv
416,SenseThePen+/line_data/p9/l_24.csv
417,SenseThePen+/line_data/p9/l_94.csv
418,SenseThePen+/line_data/p9/l_45.csv
419,SenseThePen+/line_data/p9/l_99.csv
420,SenseThePen+/line_data/p9/l_19.csv
421,SenseThePen+/line_data/p9/l_8.csv
422,SenseThePen+/line_data/p9/l_87.csv
423,SenseThePen+/line_data/p9/l_66.csv
424,SenseThePen+/line_data/p9/l_91.csv
425,SenseThePen+/line_data/p9/l_48.csv
426,SenseThePen+/line_data/p9/l_93.csv
427,SenseThePen+/line_data/p9/l_81.csv
428,SenseThePen+/line_data/p9/l_69.csv
429,SenseThePen+/line_data/p9/l_49.csv
430,SenseThePen+/line_data/p9/l_56.csv
431,SenseThePen+/line_data/p9/l_3.csv
432,SenseThePen+/line_data/p9/l_32.csv
433,SenseThePen+/line_data/p9/l_39.csv
434,SenseThePen+/line_data/p9/l_4.csv
435,SenseThePen+/line_data/p9/l_10.csv
436,SenseThePen+/line_data/p9/l_18.csv
437,SenseThePen+/line_data/p9/l_22.csv
438,SenseThePen+/line_data/p9/l_47.csv
439,SenseThePen+/line_data/p9/l_90.csv
440,SenseThePen+/line_data/p9/l_51.csv
441,SenseThePen+/line_data/p9/l_100.csv
442,SenseThePen+/line_data/p9/l_64.csv
443,SenseThePen+/line_data/p9/l_37.csv
444,SenseThePen+/line_data/p9/l_52.csv
445,SenseThePen+/line_data/p9/l_63.csv
446,SenseThePen+/line_data/p9/l_96.csv
447,SenseThePen+/line_data/p9/l_5.csv
448,SenseThePen+/line_data/p9/l_28.csv
449,SenseThePen+/line_data/p9/l_7.csv
450,SenseThePen+/line_data/p9/l_53.csv
451,SenseThePen+/line_data/p9/l_6.csv
452,SenseThePen+/line_data/p10/l_70.csv
453,SenseThePen+/line_data/p10/l_52.csv
454,SenseThePen+/line_data/p10/l_32.csv
455,SenseThePen+/line_data/p10/l_45.csv
456,SenseThePen+/line_data/p10/l_7.csv
457,SenseThePen+/line_data/p10/l_38.csv
458,SenseThePen+/line_data/p10/l_33.csv
459,SenseThePen+/line_data/p10/l_63.csv
460,SenseThePen+/line_data/p10/l_10.csv
461,SenseThePen+/line_data/p10/l_44.csv
462,SenseThePen+/line_data/p10/l_15.csv
463,SenseThePen+/line_data/p10/l_71.csv
464,SenseThePen+/line_data/p10/l_28.csv
465,SenseThePen+/line_data/p10/l_9.csv
466,SenseThePen+/line_data/p10/l_39.csv
467,SenseThePen+/line_data/p10/l_2.csv
468,SenseThePen+/line_data/p10/l_13.csv
469,SenseThePen+/line_data/p10/l_74.csv
470,SenseThePen+/line_data/p10/l_50.csv
471,SenseThePen+/line_data/p10/l_62.csv
472,SenseThePen+/line_data/p10/l_75.csv
473,SenseThePen+/line_data/p10/l_55.csv
474,SenseThePen+/line_data/p10/l_34.csv
475,SenseThePen+/line_data/p10/l_54.csv
476,SenseThePen+/line_data/p10/l_53.csv
477,SenseThePen+/line_data/p10/l_19.csv
478,SenseThePen+/line_data/p10/l_6.csv
479,SenseThePen+/line_data/p10/l_3.csv
480,SenseThePen+/line_data/p10/l_73.csv
481,SenseThePen+/line_data/p10/l_11.csv
482,SenseThePen+/line_data/p10/l_24.csv
483,SenseThePen+/line_data/p10/l_20.csv
484,SenseThePen+/line_data/p10/l_1.csv
485,SenseThePen+/line_data/p10/l_76.csv
486,SenseThePen+/line_data/p10/l_67.csv
487,SenseThePen+/line_data/p10/l_59.csv
488,SenseThePen+/line_data/p10/l_48.csv
489,SenseThePen+/line_data/p10/l_51.csv
490,SenseThePen+/line_data/p10/l_49.csv
491,SenseThePen+/line_data/p10/l_23.csv
492,SenseThePen+/line_data/p10/l_43.csv
493,SenseThePen+/line_data/p10/l_57.csv
494,SenseThePen+/line_data/p10/l_31.csv
495,SenseThePen+/line_data/p10/l_26.csv
496,SenseThePen+/line_data/p10/l_46.csv
497,SenseThePen+/line_data/p10/l_21.csv
498,SenseThePen+/line_data/p11/l_53.csv
499,SenseThePen+/line_data/p11/l_51.csv
500,SenseThePen+/line_data/p11/l_64.csv
501,SenseThePen+/line_data/p11/l_42.csv
502,SenseThePen+/line_data/p11/l_66.csv
503,SenseThePen+/line_data/p11/l_3.csv
504,SenseThePen+/line_data/p11/l_11.csv
505,SenseThePen+/line_data/p11/l_4.csv
506,SenseThePen+/line_data/p11/l_16.csv
507,SenseThePen+/line_data/p11/l_50.csv
508,SenseThePen+/line_data/p11/l_47.csv
509,SenseThePen+/line_data/p11/l_2.csv
510,SenseThePen+/line_data/p11/l_34.csv
511,SenseThePen+/line_data/p11/l_20.csv
512,SenseThePen+/line_data/p11/l_1.csv
513,SenseThePen+/line_data/p11/l_48.csv
514,SenseThePen+/line_data/p11/l_61.csv
515,SenseThePen+/line_data/p11/l_14.csv
516,SenseThePen+/line_data/p11/l_24.csv
517,SenseThePen+/line_data/p11/l_35.csv
518,SenseThePen+/line_data/p11/l_43.csv
519,SenseThePen+/line_data/p11/l_57.csv
520,SenseThePen+/line_data/p11/l_15.csv
521,SenseThePen+/line_data/p11/l_27.csv
522,SenseThePen+/line_data/p11/l_65.csv
523,SenseThePen+/line_data/p11/l_59.csv
524,SenseThePen+/line_data/p11/l_60.csv
525,SenseThePen+/line_data/p11/l_12.csv
526,SenseThePen+/line_data/p11/l_18.csv
527,SenseThePen+/line_data/p11/l_9.csv
528,SenseThePen+/line_data/p11/l_40.csv
529,SenseThePen+/line_data/p11/l_25.csv
530,SenseThePen+/line_data/p11/l_39.csv
531,SenseThePen+/line_data/p11/l_41.csv
532,SenseThePen+/line_data/p11/l_32.csv
533,SenseThePen+/line_data/p11/l_23.csv
534,SenseThePen+/line_data/p11/l_7.csv
535,SenseThePen+/line_data/p11/l_55.csv
536,SenseThePen+/line_data/p11/l_58.csv
537,SenseThePen+/line_data/p11/l_17.csv
538,SenseThePen+/line_data/p11/l_13.csv
539,SenseThePen+/line_data/p12/l_88.csv
540,SenseThePen+/line_data/p12/l_83.csv
541,SenseThePen+/line_data/p12/l_33.csv
542,SenseThePen+/line_data/p12/l_30.csv
543,SenseThePen+/line_data/p12/l_79.csv
544,SenseThePen+/line_data/p12/l_15.csv
545,SenseThePen+/line_data/p12/l_17.csv
546,SenseThePen+/line_data/p12/l_58.csv
547,SenseThePen+/line_data/p12/l_71.csv
548,SenseThePen+/line_data/p12/l_23.csv
549,SenseThePen+/line_data/p12/l_29.csv
550,SenseThePen+/line_data/p12/l_26.csv
551,SenseThePen+/line_data/p12/l_85.csv
552,SenseThePen+/line_data/p12/l_28.csv
553,SenseThePen+/line_data/p12/l_2.csv
554,SenseThePen+/line_data/p12/l_5.csv
555,SenseThePen+/line_data/p12/l_61.csv
556,SenseThePen+/line_data/p12/l_10.csv
557,SenseThePen+/line_data/p12/l_52.csv
558,SenseThePen+/line_data/p12/l_40.csv
559,SenseThePen+/line_data/p12/l_49.csv
560,SenseThePen+/line_data/p12/l_6.csv
561,SenseThePen+/line_data/p12/l_74.csv
562,SenseThePen+/line_data/p12/l_70.csv
563,SenseThePen+/line_data/p12/l_4.csv
564,SenseThePen+/line_data/p12/l_80.csv
565,SenseThePen+/line_data/p12/l_67.csv
566,SenseThePen+/line_data/p12/l_62.csv
567,SenseThePen+/line_data/p12/l_86.csv
568,SenseThePen+/line_data/p12/l_57.csv
569,SenseThePen+/line_data/p12/l_66.csv
570,SenseThePen+/line_data/p12/l_56.csv
571,SenseThePen+/line_data/p12/l_78.csv
572,SenseThePen+/line_data/p12/l_7.csv
573,SenseThePen+/line_data/p12/l_53.csv
574,SenseThePen+/line_data/p12/l_60.csv
575,SenseThePen+/line_data/p12/l_41.csv
576,SenseThePen+/line_data/p12/l_43.csv
577,SenseThePen+/line_data/p12/l_24.csv
578,SenseThePen+/line_data/p12/l_20.csv
579,SenseThePen+/line_data/p12/l_18.csv
580,SenseThePen+/line_data/p12/l_36.csv
581,SenseThePen+/line_data/p12/l_95.csv
582,SenseThePen+/line_data/p12/l_92.csv
583,SenseThePen+/line_data/p12/l_32.csv
584,SenseThePen+/line_data/p12/l_45.csv
585,SenseThePen+/line_data/p12/l_84.csv
586,SenseThePen+/line_data/p12/l_65.csv
587,SenseThePen+/line_data/p12/l_14.csv
588,SenseThePen+/line_data/p12/l_81.csv
589,SenseThePen+/line_data/p12/l_13.csv
590,SenseThePen+/line_data/p12/l_46.csv
591,SenseThePen+/line_data/p12/l_72.csv
592,SenseThePen+/line_data/p12/l_91.csv
593,SenseThePen+/line_data/p12/l_44.csv
594,SenseThePen+/line_data/p12/l_94.csv
595,SenseThePen+/line_data/p12/l_1.csv
596,SenseThePen+/line_data/p13/l_43.csv
597,SenseThePen+/line_data/p13/l_19.csv
598,SenseThePen+/line_data/p13/l_40.csv
599,SenseThePen+/line_data/p13/l_16.csv
600,SenseThePen+/line_data/p13/l_24.csv
601,SenseThePen+/line_data/p13/l_12.csv
602,SenseThePen+/line_data/p13/l_97.csv
603,SenseThePen+/line_data/p13/l_8.csv
604,SenseThePen+/line_data/p13/l_53.csv
605,SenseThePen+/line_data/p13/l_81.csv
606,SenseThePen+/line_data/p13/l_87.csv
607,SenseThePen+/line_data/p13/l_89.csv
608,SenseThePen+/line_data/p13/l_69.csv
609,SenseThePen+/line_data/p13/l_47.csv
610,SenseThePen+/line_data/p13/l_9.csv
611,SenseThePen+/line_data/p13/l_96.csv
612,SenseThePen+/line_data/p13/l_70.csv
613,SenseThePen+/line_data/p13/l_34.csv
614,SenseThePen+/line_data/p13/l_79.csv
615,SenseThePen+/line_data/p13/l_25.csv
616,SenseThePen+/line_data/p13/l_62.csv
617,SenseThePen+/line_data/p13/l_44.csv
618,SenseThePen+/line_data/p13/l_51.csv
619,SenseThePen+/line_data/p13/l_39.csv
620,SenseThePen+/line_data/p13/l_54.csv
621,SenseThePen+/line_data/p13/l_80.csv
622,SenseThePen+/line_data/p13/l_63.csv
623,SenseThePen+/line_data/p13/l_5.csv
624,SenseThePen+/line_data/p13/l_7.csv
625,SenseThePen+/line_data/p13/l_49.csv
626,SenseThePen+/line_data/p13/l_64.csv
627,SenseThePen+/line_data/p13/l_15.csv
628,SenseThePen+/line_data/p13/l_95.csv
629,SenseThePen+/line_data/p13/l_29.csv
630,SenseThePen+/line_data/p13/l_88.csv
631,SenseThePen+/line_data/p13/l_68.csv
632,SenseThePen+/line_data/p13/l_1.csv
633,SenseThePen+/line_data/p13/l_2.csv
634,SenseThePen+/line_data/p13/l_32.csv
635,SenseThePen+/line_data/p13/l_92.csv
636,SenseThePen+/line_data/p13/l_36.csv
637,SenseThePen+/line_data/p13/l_26.csv
638,SenseThePen+/line_data/p13/l_37.csv
639,SenseThePen+/line_data/p13/l_66.csv
640,SenseThePen+/line_data/p13/l_41.csv
641,SenseThePen+/line_data/p13/l_58.csv
642,SenseThePen+/line_data/p13/l_73.csv
643,SenseThePen+/line_data/p13/l_84.csv
644,SenseThePen+/line_data/p13/l_21.csv
645,SenseThePen+/line_data/p13/l_59.csv
646,SenseThePen+/line_data/p13/l_74.csv
647,SenseThePen+/line_data/p13/l_33.csv
648,SenseThePen+/line_data/p13/l_18.csv
649,SenseThePen+/line_data/p13/l_38.csv
650,SenseThePen+/line_data/p13/l_6.csv
651,SenseThePen+/line_data/p13/l_35.csv
652,SenseThePen+/line_data/p13/l_94.csv
653,SenseThePen+/line_data/p13/l_90.csv
654,SenseThePen+/line_data/p14/l_48.csv
655,SenseThePen+/line_data/p14/l_74.csv
656,SenseThePen+/line_data/p14/l_4.csv
657,SenseThePen+/line_data/p14/l_72.csv
658,SenseThePen+/line_data/p14/l_49.csv
659,SenseThePen+/line_data/p14/l_63.csv
660,SenseThePen+/line_data/p14/l_65.csv
661,SenseThePen+/line_data/p14/l_11.csv
662,SenseThePen+/line_data/p14/l_45.csv
663,SenseThePen+/line_data/p14/l_64.csv
664,SenseThePen+/line_data/p14/l_43.csv
665,SenseThePen+/line_data/p14/l_26.csv
666,SenseThePen+/line_data/p14/l_67.csv
667,SenseThePen+/line_data/p14/l_19.csv
668,SenseThePen+/line_data/p14/l_12.csv
669,SenseThePen+/line_data/p14/l_54.csv
670,SenseThePen+/line_data/p14/l_51.csv
671,SenseThePen+/line_data/p14/l_31.csv
672,SenseThePen+/line_data/p14/l_3.csv
673,SenseThePen+/line_data/p14/l_53.csv
674,SenseThePen+/line_data/p14/l_62.csv
675,SenseThePen+/line_data/p14/l_29.csv
676,SenseThePen+/line_data/p14/l_36.csv
677,SenseThePen+/line_data/p14/l_47.csv
678,SenseThePen+/line_data/p14/l_33.csv
679,SenseThePen+/line_data/p14/l_52.csv
680,SenseThePen+/line_data/p14/l_6.csv
681,SenseThePen+/line_data/p14/l_42.csv
682,SenseThePen+/line_data/p14/l_34.csv
683,SenseThePen+/line_data/p14/l_68.csv
684,SenseThePen+/line_data/p14/l_35.csv
685,SenseThePen+/line_data/p14/l_15.csv
686,SenseThePen+/line_data/p14/l_25.csv
687,SenseThePen+/line_data/p14/l_66.csv
688,SenseThePen+/line_data/p14/l_27.csv
689,SenseThePen+/line_data/p14/l_2.csv
690,SenseThePen+/line_data/p14/l_22.csv
691,SenseThePen+/line_data/p14/l_7.csv
692,SenseThePen+/line_data/p14/l_40.csv
693,SenseThePen+/line_data/p14/l_1.csv
694,SenseThePen+/line_data/p14/l_9.csv
695,SenseThePen+/line_data/p14/l_38.csv
696,SenseThePen+/line_data/p14/l_16.csv
697,SenseThePen+/line_data/p14/l_14.csv
698,SenseThePen+/line_data/p14/l_59.csv
699,SenseThePen+/line_data/p15/l_37.csv
700,SenseThePen+/line_data/p15/l_42.csv
701,SenseThePen+/line_data/p15/l_5.csv
702,SenseThePen+/line_data/p15/l_25.csv
703,SenseThePen+/line_data/p15/l_57.csv
704,SenseThePen+/line_data/p15/l_58.csv
705,SenseThePen+/line_data/p15/l_20.csv
706,SenseThePen+/line_data/p15/l_3.csv
707,SenseThePen+/line_data/p15/l_8.csv
708,SenseThePen+/line_data/p15/l_53.csv
709,SenseThePen+/line_data/p15/l_32.csv
710,SenseThePen+/line_data/p15/l_38.csv
711,SenseThePen+/line_data/p15/l_17.csv
712,SenseThePen+/line_data/p15/l_41.csv
713,SenseThePen+/line_data/p15/l_39.csv
714,SenseThePen+/line_data/p15/l_33.csv
715,SenseThePen+/line_data/p15/l_7.csv
716,SenseThePen+/line_data/p15/l_2.csv
717,SenseThePen+/line_data/p15/l_29.csv
718,SenseThePen+/line_data/p15/l_28.csv
719,SenseThePen+/line_data/p15/l_30.csv
720,SenseThePen+/line_data/p15/l_24.csv
721,SenseThePen+/line_data/p15/l_16.csv
722,SenseThePen+/line_data/p15/l_10.csv
723,SenseThePen+/line_data/p15/l_19.csv
724,SenseThePen+/line_data/p15/l_23.csv
725,SenseThePen+/line_data/p15/l_56.csv
726,SenseThePen+/line_data/p15/l_1.csv
727,SenseThePen+/line_data/p15/l_35.csv
728,SenseThePen+/line_data/p15/l_49.csv
729,SenseThePen+/line_data/p15/l_9.csv
730,SenseThePen+/line_data/p15/l_43.csv
731,SenseThePen+/line_data/p15/l_11.csv
732,SenseThePen+/line_data/p15/l_18.csv
733,SenseThePen+/line_data/p15/l_27.csv
734,SenseThePen+/line_data/p15/l_14.csv
735,SenseThePen+/line_data/p15/l_59.csv
736,SenseThePen+/line_data/p16/l_44.csv
737,SenseThePen+/line_data/p16/l_38.csv
738,SenseThePen+/line_data/p16/l_9.csv
739,SenseThePen+/line_data/p16/l_32.csv
740,SenseThePen+/line_data/p16/l_41.csv
741,SenseThePen+/line_data/p16/l_45.csv
742,SenseThePen+/line_data/p16/l_33.csv
743,SenseThePen+/line_data/p16/l_16.csv
744,SenseThePen+/line_data/p16/l_50.csv
745,SenseThePen+/line_data/p16/l_8.csv
746,SenseThePen+/line_data/p16/l_15.csv
747,SenseThePen+/line_data/p16/l_43.csv
748,SenseThePen+/line_data/p16/l_51.csv
749,SenseThePen+/line_data/p16/l_34.csv
750,SenseThePen+/line_data/p16/l_11.csv
751,SenseThePen+/line_data/p16/l_10.csv
752,SenseThePen+/line_data/p16/l_36.csv
753,SenseThePen+/line_data/p16/l_22.csv
754,SenseThePen+/line_data/p16/l_40.csv
755,SenseThePen+/line_data/p16/l_21.csv
756,SenseThePen+/line_data/p16/l_24.csv
757,SenseThePen+/line_data/p16/l_18.csv
758,SenseThePen+/line_data/p16/l_14.csv
759,SenseThePen+/line_data/p16/l_26.csv
760,SenseThePen+/line_data/p16/l_46.csv
761,SenseThePen+/line_data/p16/l_29.csv
762,SenseThePen+/line_data/p16/l_48.csv
763,SenseThePen+/line_data/p16/l_19.csv
764,SenseThePen+/line_data/p16/l_47.csv
765,SenseThePen+/line_data/p16/l_7.csv
766,SenseThePen+/line_data/p16/l_30.csv
767,SenseThePen+/line_data/p17/l_85.csv
768,SenseThePen+/line_data/p17/l_72.csv
769,SenseThePen+/line_data/p17/l_10.csv
770,SenseThePen+/line_data/p17/l_50.csv
771,SenseThePen+/line_data/p17/l_23.csv
772,SenseThePen+/line_data/p17/l_63.csv
773,SenseThePen+/line_data/p17/l_90.csv
774,SenseThePen+/line_data/p17/l_89.csv
775,SenseThePen+/line_data/p17/l_52.csv
776,SenseThePen+/line_data/p17/l_67.csv
777,SenseThePen+/line_data/p17/l_3.csv
778,SenseThePen+/line_data/p17/l_33.csv
779,SenseThePen+/line_data/p17/l_36.csv
780,SenseThePen+/line_data/p17/l_79.csv
781,SenseThePen+/line_data/p17/l_1.csv
782,SenseThePen+/line_data/p17/l_73.csv
783,SenseThePen+/line_data/p17/l_13.csv
784,SenseThePen+/line_data/p17/l_47.csv
785,SenseThePen+/line_data/p17/l_18.csv
786,SenseThePen+/line_data/p17/l_44.csv
787,SenseThePen+/line_data/p17/l_71.csv
788,SenseThePen+/line_data/p17/l_22.csv
789,SenseThePen+/line_data/p17/l_37.csv
790,SenseThePen+/line_data/p17/l_94.csv
791,SenseThePen+/line_data/p17/l_82.csv
792,SenseThePen+/line_data/p17/l_28.csv
793,SenseThePen+/line_data/p17/l_31.csv
794,SenseThePen+/line_data/p17/l_34.csv
795,SenseThePen+/line_data/p17/l_59.csv
796,SenseThePen+/line_data/p17/l_74.csv
797,SenseThePen+/line_data/p17/l_54.csv
798,SenseThePen+/line_data/p17/l_11.csv
799,SenseThePen+/line_data/p17/l_77.csv
800,SenseThePen+/line_data/p17/l_43.csv
801,SenseThePen+/line_data/p17/l_12.csv
802,SenseThePen+/line_data/p17/l_40.csv
803,SenseThePen+/line_data/p17/l_56.csv
804,SenseThePen+/line_data/p17/l_66.csv
805,SenseThePen+/line_data/p17/l_24.csv
806,SenseThePen+/line_data/p17/l_35.csv
807,SenseThePen+/line_data/p17/l_17.csv
808,SenseThePen+/line_data/p17/l_55.csv
809,SenseThePen+/line_data/p17/l_45.csv
810,SenseThePen+/line_data/p17/l_88.csv
811,SenseThePen+/line_data/p17/l_69.csv
812,SenseThePen+/line_data/p17/l_48.csv
813,SenseThePen+/line_data/p17/l_41.csv
814,SenseThePen+/line_data/p17/l_75.csv
815,SenseThePen+/line_data/p17/l_64.csv
816,SenseThePen+/line_data/p17/l_16.csv
817,SenseThePen+/line_data/p17/l_39.csv
818,SenseThePen+/line_data/p17/l_7.csv
819,SenseThePen+/line_data/p17/l_53.csv
820,SenseThePen+/line_data/p17/l_4.csv
821,SenseThePen+/line_data/p17/l_80.csv
822,SenseThePen+/line_data/p17/l_49.csv
823,SenseThePen+/line_data/p18/l_76.csv
824,SenseThePen+/line_data/p18/l_22.csv
825,SenseThePen+/line_data/p18/l_57.csv
826,SenseThePen+/line_data/p18/l_67.csv
827,SenseThePen+/line_data/p18/l_68.csv
828,SenseThePen+/line_data/p18/l_30.csv
829,SenseThePen+/line_data/p18/l_61.csv
830,SenseThePen+/line_data/p18/l_3.csv
831,SenseThePen+/line_data/p18/l_32.csv
832,SenseThePen+/line_data/p18/l_23.csv
833,SenseThePen+/line_data/p18/l_13.csv
834,SenseThePen+/line_data/p18/l_8.csv
835,SenseThePen+/line_data/p18/l_31.csv
836,SenseThePen+/line_data/p18/l_38.csv
837,SenseThePen+/line_data/p18/l_59.csv
838,SenseThePen+/line_data/p18/l_54.csv
839,SenseThePen+/line_data/p18/l_26.csv
840,SenseThePen+/line_data/p18/l_1.csv
841,SenseThePen+/line_data/p18/l_20.csv
842,SenseThePen+/line_data/p18/l_25.csv
843,SenseThePen+/line_data/p18/l_10.csv
844,SenseThePen+/line_data/p18/l_45.csv
845,SenseThePen+/line_data/p18/l_77.csv
846,SenseThePen+/line_data/p18/l_55.csv
847,SenseThePen+/line_data/p18/l_43.csv
848,SenseThePen+/line_data/p18/l_48.csv
849,SenseThePen+/line_data/p18/l_5.csv
850,SenseThePen+/line_data/p18/l_71.csv
851,SenseThePen+/line_data/p18/l_79.csv
852,SenseThePen+/line_data/p18/l_33.csv
853,SenseThePen+/line_data/p18/l_29.csv
854,SenseThePen+/line_data/p18/l_18.csv
855,SenseThePen+/line_data/p18/l_70.csv
856,SenseThePen+/line_data/p18/l_66.csv
857,SenseThePen+/line_data/p18/l_75.csv
858,SenseThePen+/line_data/p18/l_21.csv
859,SenseThePen+/line_data/p18/l_28.csv
860,SenseThePen+/line_data/p18/l_42.csv
861,SenseThePen+/line_data/p18/l_2.csv
862,SenseThePen+/line_data/p18/l_50.csv
863,SenseThePen+/line_data/p18/l_53.csv
864,SenseThePen+/line_data/p18/l_60.csv
865,SenseThePen+/line_data/p18/l_49.csv
866,SenseThePen+/line_data/p18/l_6.csv
867,SenseThePen+/line_data/p18/l_16.csv
868,SenseThePen+/line_data/p18/l_69.csv
869,SenseThePen+/line_data/p18/l_4.csv
870,SenseThePen+/line_data/p18/l_40.csv
871,SenseThePen+/line_data/p19/l_58.csv
872,SenseThePen+/line_data/p19/l_52.csv
873,SenseThePen+/line_data/p19/l_38.csv
874,SenseThePen+/line_data/p19/l_17.csv
875,SenseThePen+/line_data/p19/l_60.csv
876,SenseThePen+/line_data/p19/l_45.csv
877,SenseThePen+/line_data/p19/l_47.csv
878,SenseThePen+/line_data/p19/l_24.csv
879,SenseThePen+/line_data/p19/l_30.csv
880,SenseThePen+/line_data/p19/l_6.csv
881,SenseThePen+/line_data/p19/l_15.csv
882,SenseThePen+/line_data/p19/l_46.csv
883,SenseThePen+/line_data/p19/l_10.csv
884,SenseThePen+/line_data/p19/l_59.csv
885,SenseThePen+/line_data/p19/l_34.csv
886,SenseThePen+/line_data/p19/l_23.csv
887,SenseThePen+/line_data/p19/l_2.csv
888,SenseThePen+/line_data/p19/l_53.csv
889,SenseThePen+/line_data/p19/l_27.csv
890,SenseThePen+/line_data/p19/l_55.csv
891,SenseThePen+/line_data/p19/l_5.csv
892,SenseThePen+/line_data/p19/l_31.csv
893,SenseThePen+/line_data/p19/l_48.csv
894,SenseThePen+/line_data/p19/l_29.csv
895,SenseThePen+/line_data/p19/l_18.csv
896,SenseThePen+/line_data/p19/l_20.csv
897,SenseThePen+/line_data/p19/l_40.csv
898,SenseThePen+/line_data/p19/l_36.csv
899,SenseThePen+/line_data/p19/l_22.csv
900,SenseThePen+/line_data/p19/l_44.csv
901,SenseThePen+/line_data/p19/l_4.csv
902,SenseThePen+/line_data/p19/l_14.csv
903,SenseThePen+/line_data/p19/l_39.csv
904,SenseThePen+/line_data/p19/l_33.csv
905,SenseThePen+/line_data/p19/l_43.csv
906,SenseThePen+/line_data/p19/l_7.csv
907,SenseThePen+/line_data/p19/l_21.csv
908,SenseThePen+/line_data/p20/l_40.csv
909,SenseThePen+/line_data/p20/l_63.csv
910,SenseThePen+/line_data/p20/l_34.csv
911,SenseThePen+/line_data/p20/l_9.csv
912,SenseThePen+/line_data/p20/l_35.csv
913,SenseThePen+/line_data/p20/l_57.csv
914,SenseThePen+/line_data/p20/l_27.csv
915,SenseThePen+/line_data/p20/l_30.csv
916,SenseThePen+/line_data/p20/l_47.csv
917,SenseThePen+/line_data/p20/l_65.csv
918,SenseThePen+/line_data/p20/l_12.csv
919,SenseThePen+/line_data/p20/l_16.csv
920,SenseThePen+/line_data/p20/l_61.csv
921,SenseThePen+/line_data/p20/l_33.csv
922,SenseThePen+/line_data/p20/l_46.csv
923,SenseThePen+/line_data/p20/l_64.csv
924,SenseThePen+/line_data/p20/l_73.csv
925,SenseThePen+/line_data/p20/l_68.csv
926,SenseThePen+/line_data/p20/l_77.csv
927,SenseThePen+/line_data/p20/l_43.csv
928,SenseThePen+/line_data/p20/l_5.csv
929,SenseThePen+/line_data/p20/l_69.csv
930,SenseThePen+/line_data/p20/l_19.csv
931,SenseThePen+/line_data/p20/l_21.csv
932,SenseThePen+/line_data/p20/l_15.csv
933,SenseThePen+/line_data/p20/l_79.csv
934,SenseThePen+/line_data/p20/l_10.csv
935,SenseThePen+/line_data/p20/l_76.csv
936,SenseThePen+/line_data/p20/l_36.csv
937,SenseThePen+/line_data/p20/l_66.csv
938,SenseThePen+/line_data/p20/l_39.csv
939,SenseThePen+/line_data/p20/l_37.csv
940,SenseThePen+/line_data/p20/l_29.csv
941,SenseThePen+/line_data/p20/l_3.csv
942,SenseThePen+/line_data/p20/l_78.csv
943,SenseThePen+/line_data/p20/l_25.csv
944,SenseThePen+/line_data/p20/l_62.csv
945,SenseThePen+/line_data/p20/l_48.csv
946,SenseThePen+/line_data/p20/l_22.csv
947,SenseThePen+/line_data/p20/l_71.csv
948,SenseThePen+/line_data/p20/l_28.csv
949,SenseThePen+/line_data/p20/l_80.csv
950,SenseThePen+/line_data/p20/l_7.csv
951,SenseThePen+/line_data/p20/l_8.csv
952,SenseThePen+/line_data/p20/l_67.csv
953,SenseThePen+/line_data/p20/l_54.csv
954,SenseThePen+/line_data/p20/l_23.csv
955,SenseThePen+/line_data/p20/l_60.csv
956,SenseThePen+/line_data/p20/l_2.csv
957,SenseThePen+/line_data/p20/l_70.csv
